<?xml version="1.0" encoding="UTF-8"?>
<configuration debug="false">
    <!--定义日志文件的存储地址 勿在 LogBack 的配置中使用相对路径-->
    <property name="LOG_HOME" value="/data/wwwlogs" />
<!--    <appender name="STDOUT" class="ch.qos.logback.core.ConsoleAppender">-->
<!--        <encoder class="ch.qos.logback.classic.encoder.PatternLayoutEncoder">-->
<!--            <Pattern>%d{HH:mm:ss} %-5level %logger{35} - %msg%n-->
<!--            </Pattern>-->
<!--        </encoder>-->
<!--    </appender>-->
    <!-- 控制台输出 -->
    <appender name="asyncConsole" class="ch.qos.logback.core.ConsoleAppender">
        <encoder class="ch.qos.logback.classic.encoder.PatternLayoutEncoder">
            <!--格式化输出：%d表示日期，%thread表示线程名，%-5level：级别从左显示5个字符宽度%msg：日志消息，%n是换行符-->
            <pattern>%d{yyyy-MM-dd HH:mm:ss.SSS} [%thread] %-5level %logger{50} - %msg%n</pattern>
        </encoder>
    </appender>
    <!-- 按照每天生成日志文件 -->
    <appender name="FILE"  class="ch.qos.logback.core.rolling.RollingFileAppender">
        <rollingPolicy class="ch.qos.logback.core.rolling.TimeBasedRollingPolicy">
            <!--日志文件输出的文件名-->
            <FileNamePattern>${LOG_HOME}/sujiquan.log.%d{yyyy-MM-dd}.%i.log.zip</FileNamePattern>
            <!--日志文件保留天数-->
            <MaxHistory>100</MaxHistory>
            <timeBasedFileNamingAndTriggeringPolicy class="ch.qos.logback.core.rolling.SizeAndTimeBasedFNATP">
                <maxFileSize>100MB</maxFileSize>
            </timeBasedFileNamingAndTriggeringPolicy>
        </rollingPolicy>
        <encoder class="ch.qos.logback.core.encoder.LayoutWrappingEncoder">
            <layout class="com.jueran.sujiquan.log.LogLayout"/>
            <!--格式化输出：%d表示日期，%thread表示线程名，%-5level：级别从左显示5个字符宽度%msg：日志消息，%n是换行符-->
            <!--<pattern>%d{yyyy-MM-dd HH:mm:ss.SSS} [%thread] %-5level %logger{50} - %msg%n</pattern>-->
        </encoder>
        <!--<encoder class="net.logstash.logback.encoder.LoggingEventCompositeJsonEncoder">      -->
        <!--<providers>-->
        <!--<pattern>-->
        <!--<pattern>-->
        <!--{-->
        <!--"tags": ["errorlog"],-->
        <!--"project": "PET-CCIC",-->
        <!--"log_level": "%level",-->
        <!--"thread": "%thread",-->
        <!--"class_name": "%class",-->
        <!--"line_number": "%line",-->
        <!--"message": "%msg",-->
        <!--"stack_trace": "%exception{100}",-->
        <!--"req_id": "%X{reqId}",-->
        <!--"elapsed_time": "#asLong{%X{elapsedTime}}"-->
        <!--}-->
        <!--</pattern>-->
        <!--</pattern>-->
        <!--</providers>-->
        <!--</encoder>-->
        <!--日志文件最大的大小-->
        <!--<triggeringPolicy class="ch.qos.logback.core.rolling.SizeBasedTriggeringPolicy">-->
        <!--<MaxFileSize>10MB</MaxFileSize>-->
        <!--</triggeringPolicy>-->
    </appender>

    <appender name="asyncFile" class="ch.qos.logback.classic.AsyncAppender">
        <queueSize>50000</queueSize>
        <includeCallerData>true</includeCallerData>
        <discardingThreshold>0</discardingThreshold>
        <appender-ref ref="FILE"/>
    </appender>
    <!-- show parameters for hibernate sql 专为 Hibernate 定制 -->
<!--    <logger name="org.hibernate.type.descriptor.sql.BasicBinder"  level="DEBUG" />-->
<!--    <logger name="org.hibernate.type.descriptor.sql.BasicExtractor"  level="DEBUG" />-->
<!--    <logger name="org.hibernate.SQL" level="DEBUG" />-->
<!--    <logger name="org.hibernate.engine.QueryParameters" level="DEBUG" />-->
<!--    <logger name="org.hibernate.engine.query.HQLQueryPlan" level="DEBUG" />-->

<!--    myibatis log configure-->
<!--    <logger name="com.apache.ibatis" level="INFO"/>-->
<!--    <logger name="java.sql.Connection" level="INFO"/>-->
<!--    <logger name="java.sql.Statement" level="INFO"/>-->
<!--    <logger name="java.sql.PreparedStatement" level="INFO"/>-->

    <!-- 日志输出级别 -->
    <root level="INFO">
        <appender-ref ref="asyncConsole" />
        <appender-ref ref="asyncFile" />
    </root>
    <!--日志异步到数据库 -->
    <!--<appender name="DB" class="ch.qos.logback.classic.db.DBAppender">-->
    <!--&lt;!&ndash;日志异步到数据库 &ndash;&gt;-->
    <!--<connectionSource class="ch.qos.logback.core.db.DriverManagerConnectionSource">-->
    <!--&lt;!&ndash;连接池 &ndash;&gt;-->
    <!--<dataSource class="com.mchange.v2.c3p0.ComboPooledDataSource">-->
    <!--<driverClass>com.mysql.jdbc.Driver</driverClass>-->
    <!--<url>jdbc:mysql://127.0.0.1:3306/databaseName</url>-->
    <!--<user>root</user>-->
    <!--<password>root</password>-->
    <!--</dataSource>-->
    <!--</connectionSource>-->
    <!--</appender>-->

    <springProfile name="default">
        <root level="INFO">
            <appender-ref ref="asyncConsole"/>
            <appender-ref ref="asyncFile"/>
        </root>

        <logger name="com.jueran.log" level="INFO" additivity="false">
            <appender-ref ref="asyncConsole"/>
            <appender-ref ref="asyncFile"/>
        </logger>

        <logger name="com.jueran.sujiquan.dao.db" level="DEBUG"/>

<!--        <logger name="com.apache.ibatis" level="INFO" additivity="false">-->
<!--            <appender-ref ref="asyncConsole"/>-->
<!--            <appender-ref ref="asyncFile"/>-->
<!--        </logger>-->
    </springProfile>

    <springProfile name="local">
        <root level="INFO">
            <appender-ref ref="asyncConsole"/>
            <appender-ref ref="asyncFile"/>
        </root>

        <logger name="com.jueran.log" level="INFO" additivity="false">
            <!--<appender-ref ref="asyncConsole"/>-->
            <appender-ref ref="asyncFile"/>
        </logger>

        <logger name="com.jueran.sujiquan.dao.db" level="DEBUG"/>

<!--        <logger name="com.apache.ibatis" level="DEBUG" additivity="false">-->
<!--        <appender-ref ref="asyncConsole"/>-->
<!--        <appender-ref ref="asyncFile"/>-->
<!--        </logger>-->
    </springProfile>
</configuration>
