<configuration>
    <plugins>
        <plugin interceptor="com.github.pagehelper.PageInterceptor">
            <value>
                <property name="dialect" value="mysql"/>
                <property name="offsetAsPageNum" value="true"/>
                <property name="rowBoundsWithCount" value="true"/>
                <property name="pageSizeZero" value="true"/>
                <property name="reasonable" value="true"/>
            </value>
        </plugin>
    </plugins>
</configuration>
